<?xml version="1.0" encoding="UTF-8"?>
<project-private xmlns="http://www.netbeans.org/ns/project-private/1">
    <editor-bookmarks xmlns="http://www.netbeans.org/ns/editor-bookmarks/2" lastBookmarkId="0"/>
    <open-files xmlns="http://www.netbeans.org/ns/projectui-open-files/2">
        <group>
            <file>file:/C:/Users/nicol/OneDrive/Documentos/NetBeansProjects/FruverSupermercado/src/entidades/Cliente.java</file>
            <file>file:/C:/Users/nicol/OneDrive/Documentos/NetBeansProjects/FruverSupermercado/src/control/ProductoControl.java</file>
            <file>file:/C:/Users/nicol/OneDrive/Documentos/NetBeansProjects/FruverSupermercado/src/vista/ProductoInternalFrame.java</file>
            <file>file:/C:/Users/nicol/OneDrive/Documentos/NetBeansProjects/FruverSupermercado/src/dao/ProductoDAO.java</file>
            <file>file:/C:/Users/nicol/OneDrive/Documentos/NetBeansProjects/FruverSupermercado/src/vista/Main.java</file>
            <file>file:/C:/Users/nicol/OneDrive/Documentos/NetBeansProjects/FruverSupermercado/src/entidades/Producto.java</file>
            <file>file:/C:/Users/nicol/OneDrive/Documentos/NetBeansProjects/FruverSupermercado/src/conexion/ConexionBD.java</file>
        </group>
    </open-files>
</project-private>
